rule_id,project_id,triggered,severity,observed_value,threshold,exception_applied,explanation,source_version,timestamp
INC-01,P1000,True,high,project_description,N/A (keyword match),False,Operation/maintenance type work detected via keyword match on 'project_description'. PROTOTYPE STOPGAP ONLY — spec requires category/ownership/funding-source metadata instead of free-text matching; treat as low-confidence until structured fields are available.,SIH26102_Architecture_Rules_Roadmap_v1.0_2026-08-29,2026-08-29T18:14:57+00:00
INC-01,P1001,True,high,project_description,N/A (keyword match),False,Operation/maintenance type work detected via keyword match on 'project_description'. PROTOTYPE STOPGAP ONLY — spec requires category/ownership/funding-source metadata instead of free-text matching; treat as low-confidence until structured fields are available.,SIH26102_Architecture_Rules_Roadmap_v1.0_2026-08-29,2026-08-29T18:14:57+00:00
INC-03,P1002,True,high,project_description,N/A (keyword match),False,Land acquisition / acquisition-related expenditure detected via keyword match on 'project_description'. PROTOTYPE STOPGAP ONLY — spec requires category/ownership/funding-source metadata instead of free-text matching; treat as low-confidence until structured fields are available.,SIH26102_Architecture_Rules_Roadmap_v1.0_2026-08-29,2026-08-29T18:14:57+00:00
INC-07,P1000,True,high,project_description,N/A (keyword match),False,Religious-use work detected via keyword match on 'project_description'. PROTOTYPE STOPGAP ONLY — spec requires category/ownership/funding-source metadata instead of free-text matching; treat as low-confidence until structured fields are available.,SIH26102_Architecture_Rules_Roadmap_v1.0_2026-08-29,2026-08-29T18:14:57+00:00
SC_001,MP_YEAR:MP7,True,high,0.0659,0.15,False,SC allocation 6.6% of sanctioned funds is below the 15% threshold. No documented exception on file — needs manual exception check before treating as confirmed non-compliance.,SIH26102_Architecture_Rules_Roadmap_v1.0_2026-08-29,2026-08-29T18:14:56+00:00
SC_001,MP_YEAR:MP8,True,high,0.1173,0.15,False,SC allocation 11.7% of sanctioned funds is below the 15% threshold. No documented exception on file — needs manual exception check before treating as confirmed non-compliance.,SIH26102_Architecture_Rules_Roadmap_v1.0_2026-08-29,2026-08-29T18:14:56+00:00
ST_001,MP_YEAR:MP1,True,high,0.0308,0.075,False,ST allocation 3.1% of sanctioned funds is below the 7.5% threshold. No documented exception on file — needs manual exception check before treating as confirmed non-compliance.,SIH26102_Architecture_Rules_Roadmap_v1.0_2026-08-29,2026-08-29T18:14:56+00:00
ST_001,MP_YEAR:MP3,True,high,0.0,0.075,False,ST allocation 0.0% of sanctioned funds is below the 7.5% threshold. No documented exception on file — needs manual exception check before treating as confirmed non-compliance.,SIH26102_Architecture_Rules_Roadmap_v1.0_2026-08-29,2026-08-29T18:14:56+00:00
ST_001,MP_YEAR:MP4,True,high,0.0729,0.075,False,ST allocation 7.3% of sanctioned funds is below the 7.5% threshold. No documented exception on file — needs manual exception check before treating as confirmed non-compliance.,SIH26102_Architecture_Rules_Roadmap_v1.0_2026-08-29,2026-08-29T18:14:56+00:00
FIN-001,P1023,True,medium,2329202.39,574766.7,False,"sanctioned_amount is 4.1x the Education category median (₹574,767). Flagged by z-score 5.2, IQR bound exceeded.",SIH26102_Architecture_Rules_Roadmap_v1.0_2026-08-29,2026-08-29T18:14:57+00:00
FIN-001,P1095,True,medium,283495.81,574766.7,False,"sanctioned_amount is 0.5x the Education category median (₹574,767). Flagged by IQR bound exceeded.",SIH26102_Architecture_Rules_Roadmap_v1.0_2026-08-29,2026-08-29T18:14:57+00:00
FIN-001,P1083,True,medium,185700.66,282586.06,False,"sanctioned_amount is 0.7x the Electrification category median (₹282,586). Flagged by IQR bound exceeded.",SIH26102_Architecture_Rules_Roadmap_v1.0_2026-08-29,2026-08-29T18:14:57+00:00
FIN-001,P1113,True,medium,186737.65,282586.06,False,"sanctioned_amount is 0.7x the Electrification category median (₹282,586). Flagged by IQR bound exceeded.",SIH26102_Architecture_Rules_Roadmap_v1.0_2026-08-29,2026-08-29T18:14:57+00:00
FIN-001,P1072,True,medium,3113797.04,810443.1,False,"sanctioned_amount is 3.8x the Health category median (₹810,443). Flagged by z-score 4.0, IQR bound exceeded.",SIH26102_Architecture_Rules_Roadmap_v1.0_2026-08-29,2026-08-29T18:14:57+00:00
FIN-001,P1012,True,medium,6274761.44,1208860.94,False,"sanctioned_amount is 5.2x the Roads category median (₹1,208,861). Flagged by z-score 4.3, IQR bound exceeded.",SIH26102_Architecture_Rules_Roadmap_v1.0_2026-08-29,2026-08-29T18:14:57+00:00
FIN-001,P1026,True,medium,4432660.72,1208860.94,False,"sanctioned_amount is 3.7x the Roads category median (₹1,208,861). Flagged by z-score 2.6, IQR bound exceeded.",SIH26102_Architecture_Rules_Roadmap_v1.0_2026-08-29,2026-08-29T18:14:57+00:00
FIN-001,P1041,True,medium,1472321.08,414605.0,False,"sanctioned_amount is 3.6x the Sanitation category median (₹414,605). Flagged by IQR bound exceeded.",SIH26102_Architecture_Rules_Roadmap_v1.0_2026-08-29,2026-08-29T18:14:57+00:00
FIN-001,P1047,True,medium,1985760.06,414605.0,False,"sanctioned_amount is 4.8x the Sanitation category median (₹414,605). Flagged by z-score 3.7, IQR bound exceeded.",SIH26102_Architecture_Rules_Roadmap_v1.0_2026-08-29,2026-08-29T18:14:57+00:00
TIME-01,P1000,True,medium,97,45,False,Sanction took 97 days from recommendation (limit: 45 days).,SIH26102_Architecture_Rules_Roadmap_v1.0_2026-08-29,2026-08-29T18:14:57+00:00
TIME-01,P1009,True,medium,72,45,False,Sanction took 72 days from recommendation (limit: 45 days).,SIH26102_Architecture_Rules_Roadmap_v1.0_2026-08-29,2026-08-29T18:14:57+00:00
TIME-01,P1026,True,medium,77,45,False,Sanction took 77 days from recommendation (limit: 45 days).,SIH26102_Architecture_Rules_Roadmap_v1.0_2026-08-29,2026-08-29T18:14:57+00:00
TIME-01,P1038,True,medium,53,45,False,Sanction took 53 days from recommendation (limit: 45 days).,SIH26102_Architecture_Rules_Roadmap_v1.0_2026-08-29,2026-08-29T18:14:57+00:00
TIME-01,P1050,True,medium,100,45,False,Sanction took 100 days from recommendation (limit: 45 days).,SIH26102_Architecture_Rules_Roadmap_v1.0_2026-08-29,2026-08-29T18:14:57+00:00
TIME-01,P1066,True,medium,68,45,False,Sanction took 68 days from recommendation (limit: 45 days).,SIH26102_Architecture_Rules_Roadmap_v1.0_2026-08-29,2026-08-29T18:14:57+00:00
TIME-01,P1072,True,medium,54,45,False,Sanction took 54 days from recommendation (limit: 45 days).,SIH26102_Architecture_Rules_Roadmap_v1.0_2026-08-29,2026-08-29T18:14:57+00:00
TIME-01,P1084,True,medium,105,45,False,Sanction took 105 days from recommendation (limit: 45 days).,SIH26102_Architecture_Rules_Roadmap_v1.0_2026-08-29,2026-08-29T18:14:57+00:00
TIME-01,P1089,True,medium,86,45,False,Sanction took 86 days from recommendation (limit: 45 days).,SIH26102_Architecture_Rules_Roadmap_v1.0_2026-08-29,2026-08-29T18:14:57+00:00
TIME-01,P1112,True,medium,52,45,False,Sanction took 52 days from recommendation (limit: 45 days).,SIH26102_Architecture_Rules_Roadmap_v1.0_2026-08-29,2026-08-29T18:14:57+00:00
TIME-01,P1118,True,medium,96,45,False,Sanction took 96 days from recommendation (limit: 45 days).,SIH26102_Architecture_Rules_Roadmap_v1.0_2026-08-29,2026-08-29T18:14:57+00:00
TIME-01,P1119,True,medium,71,45,False,Sanction took 71 days from recommendation (limit: 45 days).,SIH26102_Architecture_Rules_Roadmap_v1.0_2026-08-29,2026-08-29T18:14:57+00:00
TIME-02,P1000,True,medium,832,365,False,"832 days since sanction, still 'Stalled' (limit: 365 days, no documented justification on file).",SIH26102_Architecture_Rules_Roadmap_v1.0_2026-08-29,2026-08-29T18:14:57+00:00
TIME-02,P1005,True,medium,801,365,False,"801 days since sanction, still 'In Progress' (limit: 365 days, no documented justification on file).",SIH26102_Architecture_Rules_Roadmap_v1.0_2026-08-29,2026-08-29T18:14:57+00:00
TIME-02,P1007,True,medium,811,365,False,"811 days since sanction, still 'In Progress' (limit: 365 days, no documented justification on file).",SIH26102_Architecture_Rules_Roadmap_v1.0_2026-08-29,2026-08-29T18:14:57+00:00
TIME-02,P1010,True,medium,740,365,False,"740 days since sanction, still 'Stalled' (limit: 365 days, no documented justification on file).",SIH26102_Architecture_Rules_Roadmap_v1.0_2026-08-29,2026-08-29T18:14:57+00:00
TIME-02,P1011,True,medium,564,365,False,"564 days since sanction, still 'In Progress' (limit: 365 days, no documented justification on file).",SIH26102_Architecture_Rules_Roadmap_v1.0_2026-08-29,2026-08-29T18:14:57+00:00
TIME-02,P1012,True,medium,779,365,False,"779 days since sanction, still 'In Progress' (limit: 365 days, no documented justification on file).",SIH26102_Architecture_Rules_Roadmap_v1.0_2026-08-29,2026-08-29T18:14:57+00:00
TIME-02,P1015,True,medium,592,365,False,"592 days since sanction, still 'Stalled' (limit: 365 days, no documented justification on file).",SIH26102_Architecture_Rules_Roadmap_v1.0_2026-08-29,2026-08-29T18:14:57+00:00
TIME-02,P1017,True,medium,895,365,False,"895 days since sanction, still 'Stalled' (limit: 365 days, no documented justification on file).",SIH26102_Architecture_Rules_Roadmap_v1.0_2026-08-29,2026-08-29T18:14:57+00:00
TIME-02,P1021,True,medium,799,365,False,"799 days since sanction, still 'Stalled' (limit: 365 days, no documented justification on file).",SIH26102_Architecture_Rules_Roadmap_v1.0_2026-08-29,2026-08-29T18:14:57+00:00
TIME-02,P1022,True,medium,896,365,False,"896 days since sanction, still 'In Progress' (limit: 365 days, no documented justification on file).",SIH26102_Architecture_Rules_Roadmap_v1.0_2026-08-29,2026-08-29T18:14:57+00:00
TIME-02,P1025,True,medium,522,365,False,"522 days since sanction, still 'Stalled' (limit: 365 days, no documented justification on file).",SIH26102_Architecture_Rules_Roadmap_v1.0_2026-08-29,2026-08-29T18:14:57+00:00
TIME-02,P1026,True,medium,807,365,False,"807 days since sanction, still 'In Progress' (limit: 365 days, no documented justification on file).",SIH26102_Architecture_Rules_Roadmap_v1.0_2026-08-29,2026-08-29T18:14:57+00:00
TIME-02,P1027,True,medium,869,365,False,"869 days since sanction, still 'In Progress' (limit: 365 days, no documented justification on file).",SIH26102_Architecture_Rules_Roadmap_v1.0_2026-08-29,2026-08-29T18:14:57+00:00
TIME-02,P1028,True,medium,917,365,False,"917 days since sanction, still 'In Progress' (limit: 365 days, no documented justification on file).",SIH26102_Architecture_Rules_Roadmap_v1.0_2026-08-29,2026-08-29T18:14:57+00:00
TIME-02,P1029,True,medium,888,365,False,"888 days since sanction, still 'Stalled' (limit: 365 days, no documented justification on file).",SIH26102_Architecture_Rules_Roadmap_v1.0_2026-08-29,2026-08-29T18:14:57+00:00
TIME-02,P1031,True,medium,570,365,False,"570 days since sanction, still 'In Progress' (limit: 365 days, no documented justification on file).",SIH26102_Architecture_Rules_Roadmap_v1.0_2026-08-29,2026-08-29T18:14:57+00:00
TIME-02,P1033,True,medium,551,365,False,"551 days since sanction, still 'In Progress' (limit: 365 days, no documented justification on file).",SIH26102_Architecture_Rules_Roadmap_v1.0_2026-08-29,2026-08-29T18:14:57+00:00
TIME-02,P1036,True,medium,776,365,False,"776 days since sanction, still 'Stalled' (limit: 365 days, no documented justification on file).",SIH26102_Architecture_Rules_Roadmap_v1.0_2026-08-29,2026-08-29T18:14:57+00:00
TIME-02,P1037,True,medium,705,365,False,"705 days since sanction, still 'In Progress' (limit: 365 days, no documented justification on file).",SIH26102_Architecture_Rules_Roadmap_v1.0_2026-08-29,2026-08-29T18:14:57+00:00
TIME-02,P1038,True,medium,575,365,False,"575 days since sanction, still 'In Progress' (limit: 365 days, no documented justification on file).",SIH26102_Architecture_Rules_Roadmap_v1.0_2026-08-29,2026-08-29T18:14:57+00:00
TIME-02,P1041,True,medium,631,365,False,"631 days since sanction, still 'In Progress' (limit: 365 days, no documented justification on file).",SIH26102_Architecture_Rules_Roadmap_v1.0_2026-08-29,2026-08-29T18:14:57+00:00
TIME-02,P1043,True,medium,893,365,False,"893 days since sanction, still 'In Progress' (limit: 365 days, no documented justification on file).",SIH26102_Architecture_Rules_Roadmap_v1.0_2026-08-29,2026-08-29T18:14:57+00:00
TIME-02,P1046,True,medium,645,365,False,"645 days since sanction, still 'In Progress' (limit: 365 days, no documented justification on file).",SIH26102_Architecture_Rules_Roadmap_v1.0_2026-08-29,2026-08-29T18:14:57+00:00
TIME-02,P1047,True,medium,712,365,False,"712 days since sanction, still 'In Progress' (limit: 365 days, no documented justification on file).",SIH26102_Architecture_Rules_Roadmap_v1.0_2026-08-29,2026-08-29T18:14:57+00:00
TIME-02,P1050,True,medium,838,365,False,"838 days since sanction, still 'In Progress' (limit: 365 days, no documented justification on file).",SIH26102_Architecture_Rules_Roadmap_v1.0_2026-08-29,2026-08-29T18:14:57+00:00
TIME-02,P1052,True,medium,871,365,False,"871 days since sanction, still 'Stalled' (limit: 365 days, no documented justification on file).",SIH26102_Architecture_Rules_Roadmap_v1.0_2026-08-29,2026-08-29T18:14:57+00:00
TIME-02,P1055,True,medium,753,365,False,"753 days since sanction, still 'In Progress' (limit: 365 days, no documented justification on file).",SIH26102_Architecture_Rules_Roadmap_v1.0_2026-08-29,2026-08-29T18:14:57+00:00
TIME-02,P1058,True,medium,622,365,False,"622 days since sanction, still 'Stalled' (limit: 365 days, no documented justification on file).",SIH26102_Architecture_Rules_Roadmap_v1.0_2026-08-29,2026-08-29T18:14:57+00:00
TIME-02,P1059,True,medium,713,365,False,"713 days since sanction, still 'Stalled' (limit: 365 days, no documented justification on file).",SIH26102_Architecture_Rules_Roadmap_v1.0_2026-08-29,2026-08-29T18:14:57+00:00
TIME-02,P1060,True,medium,913,365,False,"913 days since sanction, still 'Stalled' (limit: 365 days, no documented justification on file).",SIH26102_Architecture_Rules_Roadmap_v1.0_2026-08-29,2026-08-29T18:14:57+00:00
TIME-02,P1065,True,medium,650,365,False,"650 days since sanction, still 'In Progress' (limit: 365 days, no documented justification on file).",SIH26102_Architecture_Rules_Roadmap_v1.0_2026-08-29,2026-08-29T18:14:57+00:00
TIME-02,P1066,True,medium,803,365,False,"803 days since sanction, still 'In Progress' (limit: 365 days, no documented justification on file).",SIH26102_Architecture_Rules_Roadmap_v1.0_2026-08-29,2026-08-29T18:14:57+00:00
TIME-02,P1067,True,medium,499,365,False,"499 days since sanction, still 'Stalled' (limit: 365 days, no documented justification on file).",SIH26102_Architecture_Rules_Roadmap_v1.0_2026-08-29,2026-08-29T18:14:57+00:00
TIME-02,P1069,True,medium,811,365,False,"811 days since sanction, still 'In Progress' (limit: 365 days, no documented justification on file).",SIH26102_Architecture_Rules_Roadmap_v1.0_2026-08-29,2026-08-29T18:14:57+00:00
TIME-02,P1071,True,medium,884,365,False,"884 days since sanction, still 'In Progress' (limit: 365 days, no documented justification on file).",SIH26102_Architecture_Rules_Roadmap_v1.0_2026-08-29,2026-08-29T18:14:57+00:00
TIME-02,P1075,True,medium,720,365,False,"720 days since sanction, still 'In Progress' (limit: 365 days, no documented justification on file).",SIH26102_Architecture_Rules_Roadmap_v1.0_2026-08-29,2026-08-29T18:14:57+00:00
TIME-02,P1076,True,medium,478,365,False,"478 days since sanction, still 'In Progress' (limit: 365 days, no documented justification on file).",SIH26102_Architecture_Rules_Roadmap_v1.0_2026-08-29,2026-08-29T18:14:57+00:00
TIME-02,P1080,True,medium,952,365,False,"952 days since sanction, still 'Stalled' (limit: 365 days, no documented justification on file).",SIH26102_Architecture_Rules_Roadmap_v1.0_2026-08-29,2026-08-29T18:14:57+00:00
TIME-02,P1088,True,medium,889,365,False,"889 days since sanction, still 'Stalled' (limit: 365 days, no documented justification on file).",SIH26102_Architecture_Rules_Roadmap_v1.0_2026-08-29,2026-08-29T18:14:57+00:00
TIME-02,P1089,True,medium,774,365,False,"774 days since sanction, still 'In Progress' (limit: 365 days, no documented justification on file).",SIH26102_Architecture_Rules_Roadmap_v1.0_2026-08-29,2026-08-29T18:14:57+00:00
TIME-02,P1094,True,medium,528,365,False,"528 days since sanction, still 'Stalled' (limit: 365 days, no documented justification on file).",SIH26102_Architecture_Rules_Roadmap_v1.0_2026-08-29,2026-08-29T18:14:57+00:00
TIME-02,P1096,True,medium,563,365,False,"563 days since sanction, still 'Stalled' (limit: 365 days, no documented justification on file).",SIH26102_Architecture_Rules_Roadmap_v1.0_2026-08-29,2026-08-29T18:14:57+00:00
TIME-02,P1097,True,medium,722,365,False,"722 days since sanction, still 'In Progress' (limit: 365 days, no documented justification on file).",SIH26102_Architecture_Rules_Roadmap_v1.0_2026-08-29,2026-08-29T18:14:57+00:00
TIME-02,P1099,True,medium,568,365,False,"568 days since sanction, still 'Stalled' (limit: 365 days, no documented justification on file).",SIH26102_Architecture_Rules_Roadmap_v1.0_2026-08-29,2026-08-29T18:14:57+00:00
TIME-02,P1101,True,medium,929,365,False,"929 days since sanction, still 'In Progress' (limit: 365 days, no documented justification on file).",SIH26102_Architecture_Rules_Roadmap_v1.0_2026-08-29,2026-08-29T18:14:57+00:00
TIME-02,P1103,True,medium,574,365,False,"574 days since sanction, still 'In Progress' (limit: 365 days, no documented justification on file).",SIH26102_Architecture_Rules_Roadmap_v1.0_2026-08-29,2026-08-29T18:14:57+00:00
TIME-02,P1106,True,medium,816,365,False,"816 days since sanction, still 'Stalled' (limit: 365 days, no documented justification on file).",SIH26102_Architecture_Rules_Roadmap_v1.0_2026-08-29,2026-08-29T18:14:57+00:00
TIME-02,P1107,True,medium,660,365,False,"660 days since sanction, still 'Stalled' (limit: 365 days, no documented justification on file).",SIH26102_Architecture_Rules_Roadmap_v1.0_2026-08-29,2026-08-29T18:14:57+00:00
TIME-02,P1109,True,medium,689,365,False,"689 days since sanction, still 'Stalled' (limit: 365 days, no documented justification on file).",SIH26102_Architecture_Rules_Roadmap_v1.0_2026-08-29,2026-08-29T18:14:57+00:00
TIME-02,P1110,True,medium,729,365,False,"729 days since sanction, still 'In Progress' (limit: 365 days, no documented justification on file).",SIH26102_Architecture_Rules_Roadmap_v1.0_2026-08-29,2026-08-29T18:14:57+00:00
TIME-02,P1111,True,medium,587,365,False,"587 days since sanction, still 'Stalled' (limit: 365 days, no documented justification on file).",SIH26102_Architecture_Rules_Roadmap_v1.0_2026-08-29,2026-08-29T18:14:57+00:00
TIME-02,P1112,True,medium,893,365,False,"893 days since sanction, still 'In Progress' (limit: 365 days, no documented justification on file).",SIH26102_Architecture_Rules_Roadmap_v1.0_2026-08-29,2026-08-29T18:14:57+00:00
TIME-02,P1116,True,medium,483,365,False,"483 days since sanction, still 'In Progress' (limit: 365 days, no documented justification on file).",SIH26102_Architecture_Rules_Roadmap_v1.0_2026-08-29,2026-08-29T18:14:57+00:00
TIME-02,P1117,True,medium,648,365,False,"648 days since sanction, still 'In Progress' (limit: 365 days, no documented justification on file).",SIH26102_Architecture_Rules_Roadmap_v1.0_2026-08-29,2026-08-29T18:14:57+00:00
TIME-02,P1119,True,medium,433,365,False,"433 days since sanction, still 'In Progress' (limit: 365 days, no documented justification on file).",SIH26102_Architecture_Rules_Roadmap_v1.0_2026-08-29,2026-08-29T18:14:57+00:00
